Dimension,k,PIE,self
2,1,15.686274509803921,100.0
3,1,27.450980392156865,100.0
9,1,45.96078431372549,100.0
