Dimension,k,PIE,self
2,1,20.313725490196077,66.66666666666666
3,1,33.01960784313726,100.0
9,1,83.92156862745098,100.0
