Dimension,PIE,self
2,0.11215686274509803,1.0
3,0.13333333333333333,1.0
9,0.19215686274509805,1.0
