Dimension,PIE,self
40,0.37098039215686274,1.0
80,0.38588235294117645,1.0
200,0.38509803921568625,1.0
