Dimension,k,PIE,self
40,1,54.11764705882353,100.0
80,1,57.647058823529406,100.0
200,1,61.568627450980394,100.0
