input,c,acc
Raw,0.01,99.92175273865415
Raw,0.1,99.92175273865415
Raw,1.0,99.92175273865415
PCA200,0.01,99.76525821596243
PCA200,0.1,99.76525821596243
PCA200,1.0,99.76525821596243
PCA80,0.01,99.68701095461658
PCA80,0.1,99.68701095461658
PCA80,1.0,99.68701095461658
